{
  "city_name": {
    "precision": 0.9137931034482759,
    "recall": 0.6162790697674418,
    "f1-score": 0.736111111111111,
    "support": 86,
    "confused_with": {
      "toloc.city_name": 19,
      "fromloc.city_name": 8
    }
  },
  "depart_date.day_number": {
    "precision": 0.9333333333333333,
    "recall": 1.0,
    "f1-score": 0.9655172413793104,
    "support": 70,
    "confused_with": {}
  },
  "depart_time.period_of_day": {
    "precision": 0.975609756097561,
    "recall": 0.9230769230769231,
    "f1-score": 0.9486166007905139,
    "support": 130,
    "confused_with": {
      "depart_time.time": 8
    }
  },
  "arrive_time.time": {
    "precision": 0.8985507246376812,
    "recall": 0.8857142857142857,
    "f1-score": 0.8920863309352518,
    "support": 70,
    "confused_with": {
      "depart_time.time": 6
    }
  },
  "fromloc.airport_name": {
    "precision": 0.45,
    "recall": 1.0,
    "f1-score": 0.6206896551724138,
    "support": 27,
    "confused_with": {}
  },
  "arrive_date.day_number": {
    "precision": 1.0,
    "recall": 0.16666666666666666,
    "f1-score": 0.2857142857142857,
    "support": 6,
    "confused_with": {
      "depart_date.day_number": 5
    }
  },
  "airport_code": {
    "precision": 0.6666666666666666,
    "recall": 0.2222222222222222,
    "f1-score": 0.3333333333333333,
    "support": 9,
    "confused_with": {
      "fromloc.city_name": 5,
      "airline_code": 2
    }
  },
  "arrive_date.day_name": {
    "precision": 0.875,
    "recall": 0.6363636363636364,
    "f1-score": 0.7368421052631579,
    "support": 11,
    "confused_with": {
      "depart_date.day_name": 4
    }
  },
  "depart_date.month_name": {
    "precision": 0.9491525423728814,
    "recall": 1.0,
    "f1-score": 0.9739130434782608,
    "support": 56,
    "confused_with": {}
  },
  "flight_mod": {
    "precision": 1.0,
    "recall": 0.8461538461538461,
    "f1-score": 0.9166666666666666,
    "support": 26,
    "confused_with": {}
  },
  "restriction_code": {
    "precision": 1.0,
    "recall": 1.0,
    "f1-score": 1.0,
    "support": 7,
    "confused_with": {}
  },
  "toloc.country_name": {
    "precision": 0.0,
    "recall": 0.0,
    "f1-score": 0.0,
    "support": 1,
    "confused_with": {}
  },
  "return_date.day_name": {
    "precision": 0.0,
    "recall": 0.0,
    "f1-score": 0.0,
    "support": 2,
    "confused_with": {
      "depart_date.day_name": 2
    }
  },
  "class_type": {
    "precision": 0.9736842105263158,
    "recall": 0.9487179487179487,
    "f1-score": 0.9610389610389611,
    "support": 39,
    "confused_with": {}
  },
  "day_name": {
    "precision": 0.0,
    "recall": 0.0,
    "f1-score": 0.0,
    "support": 2,
    "confused_with": {
      "depart_date.day_name": 2
    }
  },
  "days_code": {
    "precision": 1.0,
    "recall": 1.0,
    "f1-score": 1.0,
    "support": 1,
    "confused_with": {}
  },
  "toloc.state_code": {
    "precision": 0.9444444444444444,
    "recall": 0.9444444444444444,
    "f1-score": 0.9444444444444444,
    "support": 18,
    "confused_with": {
      "state_code": 1
    }
  },
  "toloc.airport_name": {
    "precision": 1.0,
    "recall": 1.0,
    "f1-score": 1.0,
    "support": 6,
    "confused_with": {}
  },
  "stoploc.airport_code": {
    "precision": 0.0,
    "recall": 0.0,
    "f1-score": 0.0,
    "support": 1,
    "confused_with": {
      "stoploc.city_name": 1
    }
  },
  "fromloc.city_name": {
    "precision": 0.9799054373522459,
    "recall": 0.9388448471121178,
    "f1-score": 0.9589358010410641,
    "support": 883,
    "confused_with": {}
  },
  "flight": {
    "precision": 0.0,
    "recall": 0.0,
    "f1-score": 0.0,
    "support": 1,
    "confused_with": {}
  },
  "or": {
    "precision": 0.375,
    "recall": 1.0,
    "f1-score": 0.5454545454545454,
    "support": 3,
    "confused_with": {}
  },
  "depart_time.start_time": {
    "precision": 1.0,
    "recall": 0.5,
    "f1-score": 0.6666666666666666,
    "support": 4,
    "confused_with": {
      "arrive_time.start_time": 1,
      "fromloc.city_name": 1
    }
  },
  "arrive_time.start_time": {
    "precision": 0.875,
    "recall": 0.875,
    "f1-score": 0.875,
    "support": 8,
    "confused_with": {
      "fromloc.city_name": 1
    }
  },
  "meal": {
    "precision": 0.875,
    "recall": 0.875,
    "f1-score": 0.875,
    "support": 16,
    "confused_with": {}
  },
  "fare_amount": {
    "precision": 1.0,
    "recall": 1.0,
    "f1-score": 1.0,
    "support": 4,
    "confused_with": {}
  },
  "depart_date.today_relative": {
    "precision": 1.0,
    "recall": 0.8888888888888888,
    "f1-score": 0.9411764705882353,
    "support": 9,
    "confused_with": {}
  },
  "booking_class": {
    "precision": 0.0,
    "recall": 0.0,
    "f1-score": 0.0,
    "support": 1,
    "confused_with": {
      "fare_basis_code": 1
    }
  },
  "compartment": {
    "precision": 0.0,
    "recall": 0.0,
    "f1-score": 0.0,
    "support": 1,
    "confused_with": {
      "class_type": 1
    }
  },
  "aircraft_code": {
    "precision": 1.0,
    "recall": 0.8064516129032258,
    "f1-score": 0.8928571428571428,
    "support": 31,
    "confused_with": {
      "flight_number": 1
    }
  },
  "return_date.date_relative": {
    "precision": 0.0,
    "recall": 0.0,
    "f1-score": 0.0,
    "support": 6,
    "confused_with": {
      "depart_date.date_relative": 1
    }
  },
  "cost_relative": {
    "precision": 1.0,
    "recall": 0.85,
    "f1-score": 0.9189189189189189,
    "support": 40,
    "confused_with": {}
  },
  "arrive_date.month_name": {
    "precision": 1.0,
    "recall": 0.5,
    "f1-score": 0.6666666666666666,
    "support": 6,
    "confused_with": {
      "depart_date.month_name": 3
    }
  },
  "state_name": {
    "precision": 0.0,
    "recall": 0.0,
    "f1-score": 0.0,
    "support": 9,
    "confused_with": {
      "toloc.state_name": 5,
      "airport_name": 2
    }
  },
  "arrive_date.date_relative": {
    "precision": 1.0,
    "recall": 0.5,
    "f1-score": 0.6666666666666666,
    "support": 2,
    "confused_with": {
      "depart_date.date_relative": 1
    }
  },
  "connect": {
    "precision": 1.0,
    "recall": 1.0,
    "f1-score": 1.0,
    "support": 6,
    "confused_with": {}
  },
  "arrive_time.end_time": {
    "precision": 0.75,
    "recall": 0.8571428571428571,
    "f1-score": 0.7999999999999999,
    "support": 14,
    "confused_with": {
      "arrive_time.time": 2
    }
  },
  "stoploc.city_name": {
    "precision": 0.9714285714285714,
    "recall": 1.0,
    "f1-score": 0.9855072463768115,
    "support": 34,
    "confused_with": {}
  },
  "economy": {
    "precision": 1.0,
    "recall": 1.0,
    "f1-score": 1.0,
    "support": 4,
    "confused_with": {}
  },
  "transport_type": {
    "precision": 1.0,
    "recall": 0.9090909090909091,
    "f1-score": 0.9523809523809523,
    "support": 11,
    "confused_with": {}
  },
  "depart_time.time": {
    "precision": 0.8813559322033898,
    "recall": 0.9629629629629629,
    "f1-score": 0.9203539823008849,
    "support": 108,
    "confused_with": {
      "arrive_time.time": 4
    }
  },
  "arrive_time.time_relative": {
    "precision": 0.9655172413793104,
    "recall": 0.8,
    "f1-score": 0.8750000000000001,
    "support": 35,
    "confused_with": {}
  },
  "flight_number": {
    "precision": 0.9230769230769231,
    "recall": 1.0,
    "f1-score": 0.9600000000000001,
    "support": 12,
    "confused_with": {}
  },
  "mod": {
    "precision": 1.0,
    "recall": 0.5,
    "f1-score": 0.6666666666666666,
    "support": 2,
    "confused_with": {}
  },
  "toloc.airport_code": {
    "precision": 1.0,
    "recall": 0.5,
    "f1-score": 0.6666666666666666,
    "support": 4,
    "confused_with": {
      "toloc.city_name": 2
    }
  },
  "flight_days": {
    "precision": 1.0,
    "recall": 1.0,
    "f1-score": 1.0,
    "support": 10,
    "confused_with": {}
  },
  "depart_date.year": {
    "precision": 1.0,
    "recall": 1.0,
    "f1-score": 1.0,
    "support": 3,
    "confused_with": {}
  },